doc_id,company,category,title,publisher,published_at,source_url,file_path,page_count,key_pages,related_scorecard_items,notes
MM-01,MOTOMIND,team_business,MOTOMIND 회사 소개 (About),MOTOMIND (주식회사 모토마인드),n.d.(열람 2026-09-30),https://www.motomind.co.kr/ko/about,data/raw/motomind/motomind_about.pdf,6,1-2;4,관련 전문성|제품화·사업 실행력|팀 구성·운영 역량|투자금 사용·다음 목표,"웹페이지 PDF 저장본. 공식 홈페이지(회사 소개). 대표 엄기영·설립 2026-02-06·직원 6명, 2026-04 Seed 투자 유치, 2026-04 LG 슈퍼스타트데이 루키 트랙 2위, 2026-05 민관협력 오픈이노베이션/민관공동기술사업화R&D 선정. 기업 자체 발표이며 투자자 명단·투자금액은 미기재(확인 불가)."
MM-02,MOTOMIND,technology,풀스택 로보틱스 역량 (Technology),MOTOMIND (주식회사 모토마인드),n.d.(열람 2026-09-30),https://www.motomind.co.kr/ko/technology,data/raw/motomind/motomind_technology.pdf,8,1-2;3-7,핵심 작업 성능|모방하기 어려운 자산|양산·유지보수 가능성,"웹페이지 PDF 저장본. 자체 개발 레이어(로봇 HW·임베디드 AI 보드·자율주행 SLAM·관제 SW·공장통합 MES/Modbus)와 이전 로봇 OD-1·ELLO·ELLY, MAPF 다중로봇(ETRI 과제). 기업 자체 발표."
MM-03,MOTOMIND,technology,BELLO — Industrial AI Humanoid (제품 상세),MOTOMIND (주식회사 모토마인드),n.d.(열람 2026-09-30),https://www.motomind.co.kr/ko/products/bello,data/raw/motomind/motomind_bello.pdf,8,1-2;4;5-7,핵심 작업 성능|현장 안정성·안전성|양산·유지보수 가능성|경쟁 제품 대비 고객 가치,"웹페이지 PDF 저장본. 양팔 14-DoF, 팔당 5kg payload, 950W, Jetson Orin AGX, Endoskeleton, TAS 텔레오퍼레이션, 온보드 VLA/ROS2·MoveIt2, Lidar+RGB-D 안전. 스펙은 기업 자체 발표이며 실제 현장 사이클타임·정확도 등 실측 성능 데이터는 미공개(확인 불가)."
MM-04,MOTOMIND,team_business,프로젝트 & 협업 사례 (Projects),MOTOMIND (주식회사 모토마인드),n.d.(열람 2026-09-30),https://www.motomind.co.kr/ko/projects,data/raw/motomind/motomind_projects.pdf,5,2;3;4,유상 매출·납품|대기업 계약·납품 단계|제품화·사업 실행력|고객 유지·전환 장벽,"웹페이지 PDF 저장본. 경북 A산업 프레스 공정 자동화 PoC(2025.12)+MOU 체결, VLA 연구기관 양팔로봇 납품(Sales), ETRI 다중 AMR 관제 협업, 2026 민관협력 오픈이노베이션. MOU는 유상 계약이 아니며, 납품 금액·재구매는 미기재(확인 불가)."
MM-05,MOTOMIND,bigtech,LG '슈퍼스타트 데이 2026' 개최…대학가 '슈퍼루키' 육성,연합뉴스(Yonhap News),2026-04-23 (열람 2026-09-30),https://www.yna.co.kr/view/AKR20260423034100003,data/raw/motomind/yna_lg_superstart_day2026.pdf,5,1-2,대기업 실제 지분·CVC 투자|대기업 계약·납품 단계,"웹페이지 PDF 저장본. LG 제공·제3자 보도. 루키 프로그램 상위 3팀(Pinta AI·모토마인드·포바디) 선정, 상금+중기부 초기창업패키지 서류면제+LG 계열사 협업 기회. 주의: 지분투자·CVC 투자가 아니라 오픈이노베이션/협업 기회(투자 아님)."
MM-06,MOTOMIND,bigtech,"LG, '슈퍼스타트 데이 2026' 통해 미래 기술 스타트업 및 청년 창업가 육성",랩인큐브(프레스나인 전재),2026-07-24 (열람 2026-09-30),https://labincube.com/en/community/news/?mod=document&uid=71,data/raw/motomind/labincube_lg_superstart.pdf,3,2,대기업 실제 지분·CVC 투자|대기업 계약·납품 단계,웹페이지 PDF 저장본. 동일 이벤트 제3자 보도. 최종 선발 3개 팀(Pinta AI·모토마인드·포바디)에 모토마인드 포함. 지분투자 사실이 아님.
RB-01,ROBROS,team_business,ROBROS 회사소개 (About Us),로브로스(Robros),n.d.(열람 2026-09-30),https://www.robros.co.kr/ko/about-us,data/raw/robros/robros_about.pdf,2,1,팀 구성·운영 역량|관련 전문성|제품화·사업 실행력,"공식 홈페이지. 2020년 설립, 팀 50명+, 로봇 HW 설계부터 이동·조작 제어, VLA 지능까지 풀스택 자체 개발. 웹페이지 PDF 저장본(HTML 원문 텍스트 추출)."
RB-02,ROBROS,team_business,ROBROS 연혁 (History),로브로스(Robros),n.d.(열람 2026-09-30),https://www.robros.co.kr/ko/history,data/raw/robros/robros_history.pdf,2,1;2,제품화·사업 실행력|관련 전문성|소통의 명확성과 신뢰성,창업자 노승준(Founder & CEO). 2020 무인 로봇카페(수서 ICT·동해휴게소)→2022 빕스 누들셰프→2022 BETTER THAN YOURS 매장→Red Dot/iF 디자인 어워드→2025 IGRIS-A·IGRIS-C 릴리즈→CES 2026. 웹페이지 PDF 저장본(HTML 텍스트 추출).
RB-03,ROBROS,technology,IGRIS-C 휴머노이드 (제품/스펙),로브로스(Robros),n.d.(열람 2026-09-30),https://www.robros.co.kr/ko/igrisc,data/raw/robros/robros_igrisc.pdf,4,1;2;3,핵심 작업 성능|현장 안정성·안전성|양산·유지보수 가능성|경쟁 제품 대비 고객 가치,"웹페이지 PDF 저장본. 키 154cm·무게 56kg, Hands 6 DoF x2, Arms 7 DoF x2, Legs 6 DoF x2, 48V 17,000mAh, 산업표준 Class A, 강화학습·모방학습, Master Arm/Data Platform. 적용 산업(제조·물류·건설·조선·R&D), 엔드이펙터 H5_C. 기업 자체 발표(실측 성능은 별도 검증 필요)."
RB-04,ROBROS,technology,ROBROS AI 솔루션 (Physical AI),로브로스(Robros),n.d.(열람 2026-09-30),https://www.robros.co.kr/ko/ai-solution,data/raw/robros/robros_ai_solution.pdf,2,1,핵심 작업 성능|모방하기 어려운 자산|경쟁 제품 대비 고객 가치,웹페이지 PDF 저장본. Agent Intelligence(VLA·World Action Model·Robot Foundation Model)·Motor Intelligence(강화학습 기반 전신·양팔·비전 보행 제어)·Spatial Intelligence(3D 인지) 3대 지능 통합. 기업 자체 발표.
RB-05,ROBROS,bigtech,Humanoid Robot Firm Robros Wins Innovation Award at NextRise 2026,Yonhap Infomax,2026-06-22 (열람 2026-09-30),https://en.infomaxai.com/news/articleView.html?idxno=126520,data/raw/robros/infomax_robros_nextrise2026.pdf,2,1,대기업 실제 지분·CVC 투자|유상 매출·납품|대기업 계약·납품 단계|시장 진입·확장 가능성,"웹페이지 PDF 저장본. NextRise 2026 Next Innovator Prize(로보틱스 기업 중 유일), 한국로봇산업진흥원(KIRIA) 휴머노이드 실증프로그램 최다 과제 선정, 투자자 Stick Ventures·HB Investment·Lotte Ventures(롯데그룹 계열 CVC). VC 지분투자 사실이나 개별 투자금액·지분율은 미기재(확인 불가)."
RB-06,ROBROS,market_competition,Korea's First Full-Stack Humanoid Clears Backflip: IGRIS-C Is Already on Factory Floors,Tech Times,2026-07-31 (열람 2026-09-30),https://www.techtimes.com/articles/322561/20260731/koreas-first-full-stack-humanoid-clears-backflip-igris-c-already-factory-floors.htm,data/raw/robros/techtimes_robros_igrisc.pdf,10,1;2;3;4;5;6;7;8,핵심 작업 성능|현장 안정성·안전성|경쟁 제품 대비 고객 가치|시장 성장 동력|실제 접근 가능한 시장,"웹페이지 PDF 저장본. 제3자 분석·보도. 2026-07-29 백플립·전신 동작 데모(기업 클레임), WBC·RL/IL 기법, 미국 FCC 외국산 로봇 규제, 경쟁(Atlas·Unitree·Samsung RX·LG)과 자금·밸류에이션. 일부 전망·평가는 기자 분석으로 기업 확인과 구분 필요."
FG-01,Figure AI,bigtech,Figure Exceeds $1B in Series C Funding at $39B Post-Money Valuation,Figure AI,2025-09-16 (열람 2026-09-30),https://www.figure.ai/news/series-c,data/raw/figure_ai/figure_series_c.pdf,4,1-2,대기업 실제 지분·CVC 투자|기업가치의 합리성|투자금 사용·다음 목표|시장 진입·확장 가능성,"웹페이지 PDF 저장본. $1B+ Series C, $39B post-money. 투자자: Parkway VC(리드), Brookfield, NVIDIA, Macquarie, Intel Capital, Align Ventures, Tamarack, LG Technology Ventures, Salesforce, T-Mobile Ventures, Qualcomm Ventures. 기업 발표이며 투자금은 매출이 아님."
FG-02,Figure AI,bigtech,"F.02 Contributed to the Production of 30,000 Cars at BMW",Figure AI,2025-11-19 (열람 2026-09-30),https://www.figure.ai/news/production-at-bmw,data/raw/figure_ai/figure_bmw_30000_cars.pdf,7,1;3;5,대기업 계약·납품 단계|유상 매출·납품|핵심 작업 성능|현장 안정성·안전성|양산·유지보수 가능성,"웹페이지 PDF 저장본. BMW Spartanburg 공장 11개월 배치, 30,000대 생산 기여(기업 발표). KPI: 사이클타임 84초(로딩 37초), 배치 정확도. 한계: 전완(forearm)이 최대 하드웨어 고장 지점. BMW 측 독립 확인 자료는 미확보(확인 불가)."
FG-03,Figure AI,bigtech,F.03 Arrives at BMW,Figure AI,2026-06-30 (열람 2026-09-30),https://www.figure.ai/news/f-03-at-bmw,data/raw/figure_ai/figure_f03_at_bmw.pdf,4,1;2;3,대기업 계약·납품 단계|핵심 작업 성능|현장 안정성·안전성|고객 유지·전환 장벽,"웹페이지 PDF 저장본. Figure 03가 BMW Spartanburg 물류 워크플로 수행, Helix 02 VLA 기반 전신 제어. 파트너십 지속이나 계약 형태·금액·재구매 여부는 미기재(확인 불가)."
FG-04,Figure AI,market_competition,Figure Signs Agreement with Catalyst Brands to Scale Humanoid Operations,Figure AI,2026-05-26 (열람 2026-09-30),https://www.figure.ai/news/figure-signs-agreement-with-catalyst-brands,data/raw/figure_ai/figure_catalyst_brands.pdf,3,1-2,유상 매출·납품|대기업 계약·납품 단계|시장 진입·확장 가능성|고객 유지·전환 장벽,"웹페이지 PDF 저장본. Catalyst Brands와 상업 계약(commercial agreement), Reno(NV) 유통·물류센터 배치. 기업은 상업 계약으로 표현하며 계약 금액은 미공개."
FG-05,Figure AI,bigtech,"Figure and Nscale Sign Strategic Partnership For Up to 100,000 GPUs on the NVIDIA Vera Rubin Platform",Figure AI,2026-09-03 (열람 2026-09-30),https://www.figure.ai/news/figure-and-nscale-sign-strategic-partnership,data/raw/figure_ai/figure_nscale.pdf,4,1-2,대기업 실제 지분·CVC 투자|모방하기 어려운 자산|투자금 사용·다음 목표,"웹페이지 PDF 저장본. Nscale과 최대 10만 GPU(NVIDIA Vera Rubin) 파트너십(2027 하반기~, Barstow TX). 전략적 파트너십이며 지분투자는 아님."
FG-06,Figure AI,technology,Helix — AI for general-purpose humanoid,Figure AI,n.d.(열람 2026-09-30),https://www.figure.ai/helix,data/raw/figure_ai/figure_helix.pdf,7,1-2,핵심 작업 성능|모방하기 어려운 자산|경쟁 제품 대비 고객 가치,웹페이지 PDF 저장본. 범용 휴머노이드 VLA 모델. 온보드 실시간으로 지각·이동·추론을 제어(스크립트 없이 과업 수행). 기업 자체 발표.
CM-01,COMMON,common,Five Million Robots now Operate in Factories Globally (World Robotics 2026),International Federation of Robotics (IFR),2026-09-24 (열람 2026-09-30),https://ifr.org/ifr-press-releases/news/five-million-robots-now-operate-in-factories-globally,data/raw/common/ifr_world_robotics_2026.pdf,6,1;2;3,실제 접근 가능한 시장|시장 성장 동력|시장 진입·확장 가능성,"웹페이지 PDF 저장본. 2025년 산업용 로봇 설치 +11%, 누적 5백만 대(+9%), 신규 설치 60만 대+. 공신력 있는 산업 통계(제3자)."
CM-02,COMMON,common,Top 5 Global Robotics Trends 2026,International Federation of Robotics (IFR),2026-01-08 (열람 2026-09-30),https://ifr.org/ifr-press-releases/news/top-5-global-robotics-trends-2026,data/raw/common/ifr_top5_trends_2026.pdf,5,1-2,시장 성장 동력|문제의 심각성과 구매 필요성|경쟁 제품 대비 고객 가치,웹페이지 PDF 저장본. 산업용 로봇 설치 시장가치 all-time high US$16.7B. 트렌드 3 'Humanoids to prove reliability and efficiency'(신뢰성·효율·안전표준·인력난).
CM-03,COMMON,common,Harnessing AI for the Real Economy (Physical AI),Goldman Sachs Investment Banking,2026(열람 2026-09-30),https://www.goldmansachs.com/what-we-do/investment-banking/insights/articles/harnessing-ai-for-the-real-economy,data/raw/common/goldman_harnessing_ai_real_economy.pdf,5,2-3,시장 성장 동력|실제 접근 가능한 시장|기업가치의 합리성,"웹페이지 PDF 저장본. Physical AI를 차세대 기업가치 창출 프런티어로 규정, 산업 재편·자본구조(전략적 파트너십·소버린 자본) 논의. 전체 리포트는 폼 제출 게이트로 본문 일부만 확보."
CM-04,COMMON,common,첨단제조로봇 실증사업 (KIRIA),한국로봇산업진흥원 (KIRIA),n.d.(열람 2026-09-30),https://www.kiria.org/portal/bizsupt/portalBsuptRoCreProduct.do,data/raw/common/kiria_manufacturing_robot_demo.pdf,4,1;2,시장 진입·확장 가능성|문제의 심각성과 구매 필요성|양산·유지보수 가능성,"웹페이지 PDF 저장본. 공공기관 로봇 실증 지원사업: 167개 로봇공정모델, 수요-공급기업 컨소시엄, 컨소시엄당 최대 5억원. KIRIA는 ROBROS 휴머노이드 실증프로그램 주관기관."
